idOseba,Kratica,PostnaStevilka,Ulica,HisnaStevilka,Ime,Priimek,DatumRojstva
1,CN,46146,Quincy,7364,Atlanta,Kingston,4/6/1992
2,BR,49140,Golf,67002,Rawley,Churchman,9/21/1981
3,BO,69000,Emmet,3853,Michaeline,Geistbeck,8/14/1976
4,MR,04500,Milwaukee,613,Sosanna,Santi,10/8/1973
5,BR,09600,Dapin,729,Lucine,Crosoer,1/4/1979
6,JO,38814,Hagan,1,Ciro,Liell,9/6/1986
7,CN,14400,Little Fleur,40,Kirbee,Ferier,2/7/1979
8,BO,08098,Maywood,185,Shandie,Spearman,9/22/1983
9,PL,50000,Declaration,6920,Lefty,Elvins,2/10/1992
10,CN,40000,Bowman,13,Mike,Adolthine,2/3/1975
11,ID,53320,Kings,82384,Ulises,Hastwell,9/18/1974
12,JO,72330,Sycamore,0874,Tiffanie,Hymers,7/13/1988
13,SE,78100,Milwaukee,52,Fifine,Markus,7/2/1986
14,SE,31000,Roth,731,Gonzales,Finlator,7/8/1989
15,ID,86000,Petterle,0376,Ella,Scroggs,9/19/1978
16,CN,05600,Esch,681,Zahara,Matzaitis,7/27/1976
17,BR,35061,Dorton,33518,Tish,Futter,8/19/1987
18,CN,00000,Harbort,838,Meryl,Cully,8/18/1984
19,CN,58030,Washington,7,Edita,Ziemsen,8/24/1985
20,BR,83000,Eliot,0701,Israel,Endacott,3/17/1973
21,CH,90000,Loftsgordon,02076,Bibbie,Perfect,12/14/1987
22,CN,27000,Bultman,0947,Winni,O'Fallone,2/10/1978
23,JO,00800,High Crossing,7,Filia,Fridlington,12/25/1991
24,CN,01900,Lyons,909,Dorise,Ingerson,9/4/1977
25,MR,95100,Blue Bill Park,3340,Tressa,Dudill,1/21/1987
26,CH,23000,Sundown,9,Heindrick,Englishby,1/20/1991
27,BO,20000,Golden Leaf,03559,Terrance,Immer,5/24/1981
28,JO,41700,Hansons,14629,Stefanie,Lionel,11/7/1991
29,MR,60000,Michigan,380,Nathan,Pfeuffer,7/6/1974
30,BO,69720,Banding,79574,Dal,Redholes,6/12/1979
31,JO,56719,Novick,88582,Rickey,Grimoldby,7/14/1986
32,CH,10973,Lindbergh,7,Emelia,Rooksby,8/1/1978
33,MR,11000,Mosinee,37,Sande,Butfield,11/29/1992
34,CN,63000,Northland,24340,Morgun,Augur,2/16/1981
35,CN,03738,7th,9,Lane,Darcey,8/4/1976
36,BO,80000,Lukken,35,Lenora,Yerson,12/30/1976
37,JO,29860,Pawling,2903,Kissie,Casarini,3/2/1977
38,JO,63000,Ramsey,55,Jerrylee,Paulon,6/13/1987
39,JO,53000,Shoshone,88,Fancie,Lasty,6/22/1986
40,MR,51000,Burning Wood,8,Haze,Cansdill,3/28/1976
41,CH,35810,Knutson,8109,Porter,Burhill,8/14/1985
42,ID,80000,Crowley,0890,Susi,Foort,11/30/1982
43,PL,50000,Messerschmidt,63686,Mavra,Furneaux,9/28/1990
44,BR,93800,Fuller,7510,Jere,Galliard,11/10/1988
45,SE,10000,International,9851,Amy,Leah,6/3/1987
46,ID,90000,Veith,21,Harold,O'Crevan,8/22/1975
47,BR,55264,John Wall,800,Fern,Varcoe,7/1/1982
48,CN,40000,Bay,911,Wakefield,Duddy,8/1/1990
49,SE,56290,Grover,819,Justus,Pawlicki,8/23/1981
50,SE,15500,Larry,49417,Piper,Underwood,3/1/1977
51,CH,70000,Dixon,1943,Theodora,Joburn,1/10/1979
52,BR,10000,Hazelcrest,4690,Allianora,Taaffe,10/9/1983
53,CN,57000,Raven,200,Tracy,McCullouch,9/25/1973
54,JO,95000,Granby,9523,Eleen,Caunter,12/20/1991
55,MR,30000,Twin Pines,83162,Bendix,Beetles,11/10/1992
56,JO,59900,Union,5077,Terrye,Brobyn,7/9/1978
57,JO,40000,5th,15992,Thatch,Threlkeld,12/24/1974
58,CN,12000,Sauthoff,10489,Melva,Pieterick,8/21/1987
59,PL,53000,Superior,637,Shaylah,McQuillin,2/27/1981
60,PL,97880,Holmberg,89,Randolph,Waistall,1/14/1974
61,BO,23730,Vermont,137,Fee,Bohje,8/2/1991
62,ID,48100,Becker,25665,Carlina,Bartoloma,6/17/1992
63,PL,01732,Bay,10707,Bale,Amys,8/14/1976
64,ID,16818,Beilfuss,8,Drew,Limmer,6/25/1981
65,MR,15000,Ruskin,9668,Lorna,Meach,1/11/1984
66,SE,25890,Green Ridge,9,Oran,Georgeot,9/30/1987
67,MR,54670,Manufacturers,40630,Selene,Rowledge,12/24/1975
68,BO,96650,Kipling,20,Massimiliano,Ragge,4/24/1977
69,CN,87235,North,773,Bradan,Towner,11/25/1979
70,ID,74600,Merrick,9,Constancia,Pietersma,11/11/1989
71,BO,90000,Kipling,44,Wilton,Izaks,5/28/1982
72,CH,75600,Mariners Cove,99645,Ramon,Bearham,1/6/1974
73,MR,79000,Monterey,67533,Vilma,Rosenstengel,10/8/1985
74,BO,91250,Kingsford,1435,Vasily,Blowfield,8/9/1985
75,CH,80000,Bonner,2,Olivier,Kondratovich,11/24/1980
76,JO,11390,International,84436,Werner,Wingeat,9/5/1991
77,MR,80000,Atwood,6,Hedda,Strase,2/21/1988
78,SE,77300,Bunting,900,Colleen,Esser,2/23/1988
79,ID,43000,Sage,60477,Jozef,Earnshaw,12/1/1987
80,CN,71000,Granby,03,Desiree,Matthews,1/24/1978
81,ID,42700,Emmet,944,Sonnnie,Nibloe,5/13/1984
82,PL,24317,Butternut,5249,Vyky,Dowson,5/10/1989
83,BR,36570,6th,0,Collen,Tallow,5/26/1980
84,MR,08150,Milwaukee,3929,Lissa,Frangleton,8/31/1988
85,CH,70000,Fisk,646,Vivi,Sprull,2/16/1985
86,ID,08200,Monterey,014,Harriett,Sumpter,7/16/1985
87,CH,30000,Birchwood,832,Georgeanne,Dawidman,12/26/1975
88,JO,47700,Hallows,01070,Danika,Soutar,7/14/1976
89,BO,91220,Ruskin,98,Julissa,Gairdner,3/24/1980
90,ID,20530,Bobwhite,68,Gennifer,Betun,8/29/1990
91,ID,81971,Fairfield,693,Anny,Sautter,5/10/1976
92,CN,53050,Bunker Hill,090,Gannon,Lawman,3/26/1983
93,MR,20000,Harper,327,Agata,Onele,1/22/1986
94,SE,14150,Washington,91,Willabella,Huburn,8/19/1980
95,ID,14849,Canary,4618,Genevra,Savins,5/26/1984
96,JO,23910,Grover,11,Merlina,Beames,7/27/1973
97,CN,10000,Stoughton,92,Sean,Surman-Wells,11/15/1983
98,BR,52000,Meadow Valley,4,Bram,Doud,8/3/1985
99,BR,10000,Shasta,38774,Eldridge,Walak,2/23/1984
100,PL,58000,Porter,08466,Analiese,Van Hove,4/20/1985
101,CN,46146,South,62691,Kain,Cinderey,5/15/1982
102,BR,49140,Hoepker,636,Arnie,Mordue,12/26/1974
103,BO,69000,Maple,3,Sullivan,Giraldo,4/10/1974
104,MR,04500,Kingsford,5,Joycelin,O'Heyne,7/25/1976
105,BR,09600,Sutherland,07,Clarinda,Sissens,12/2/1973
106,JO,38814,Ludington,13081,Yelena,Fern,8/31/1988
107,CN,14400,Talisman,1290,Cynthia,Pusey,3/10/1988
108,BO,08098,Lighthouse Bay,34198,Coralyn,Esel,9/22/1986
109,PL,50000,Iowa,9,Edmund,Wordesworth,1/2/1988
110,CN,40000,Lake View,129,Karyn,Beszant,2/21/1978
111,ID,53320,Rockefeller,77921,Dylan,Garbett,9/28/1984
112,JO,72330,Haas,45,Karin,Soot,8/20/1988
113,SE,78100,Center,59553,Nadya,Fraser,9/21/1977
114,SE,31000,Acker,04248,Bancroft,Housaman,1/8/1973
115,ID,86000,Debra,32,Kerrin,Thomason,7/20/1981
116,CN,05600,Melrose,5704,Gypsy,Quiddinton,7/17/1992
117,BR,35061,Hoffman,7731,Arnuad,Skitteral,8/9/1975
118,CN,00000,Main,89,Stephan,Du Fray,8/9/1973
119,CN,58030,Loomis,5637,Josephina,Albrooke,2/8/1973
120,BR,83000,Evergreen,21,Ab,Hardaway,10/23/1976
121,CH,90000,Hanover,9188,Bette,Jovis,4/21/1986
122,CN,27000,Portage,40,Jehu,Nickoll,1/21/1976
123,JO,00800,Washington,201,Nathanil,Banger,3/15/1976
124,CN,01900,Waywood,415,Rozella,Surby,6/12/1976
125,MR,95100,Fremont,4,Carree,Chancellor,3/4/1980
126,CH,23000,Novick,02,Ahmad,Strettle,12/1/1985
127,BO,20000,Bay,5738,Florri,Cescoti,8/9/1984
128,JO,41700,Warrior,99,Joby,Edison,8/12/1991
129,MR,60000,American Ash,7,Heida,Simonou,7/13/1992
130,BO,69720,Maywood,39643,Willis,Hazelhurst,9/12/1984
131,JO,56719,Sunfield,04,Simon,Knowlys,2/25/1981
132,CH,10973,Coolidge,75,Tate,Flores,7/2/1975
133,MR,11000,Roxbury,5402,Coral,Rikard,8/16/1984
134,CN,63000,Commercial,5,Kalil,Lademann,2/6/1977
135,CN,03738,Carioca,9057,Maryl,Wolford,11/13/1978
136,BO,80000,Little Fleur,7,Jacky,Thornton-Dewhirst,11/9/1981
137,JO,29860,Village,86037,Mervin,Barradell,3/12/1982
138,JO,63000,Tennessee,68178,Thalia,Doxey,10/1/1978
139,JO,53000,Derek,824,Shelby,Powland,12/28/1988
140,MR,51000,Farwell,2115,Jephthah,Fryer,6/8/1976
141,CH,35810,Armistice,0,Nefen,Paynes,4/20/1977
142,ID,80000,Sommers,9108,Morena,Deinhardt,1/24/1976
143,PL,50000,Park Meadow,238,Maxwell,Baldrick,3/13/1984
144,BR,93800,Bultman,120,Niccolo,Thorndycraft,12/28/1990
145,SE,10000,Hansons,1,Brice,Westmancoat,12/14/1987
146,ID,90000,Commercial,10,Lissa,Gerram,6/26/1975
147,BR,55264,3rd,4,Kane,Methley,5/8/1973
148,CN,40000,Laurel,68635,Harwilll,Filinkov,7/28/1979
149,SE,56290,Ruskin,1465,Baudoin,Sampson,2/12/1980
150,SE,15500,Hovde,311,Paige,Novotni,7/22/1984
151,CH,70000,Morning,2,Klement,Whickman,3/27/1983
152,BR,10000,Springview,5346,Kellen,Beatson,1/2/1987
153,CN,57000,Oak,92,Corrina,O'Howbane,11/18/1983
154,JO,95000,Truax,43,Cazzie,Chape,6/10/1974
155,MR,30000,Chinook,62,Cary,Redferne,8/12/1986
156,JO,59900,Nelson,40420,Avram,Peter,11/16/1979
157,JO,40000,Mcguire,761,Allene,Lammertz,2/20/1978
158,CN,12000,Sloan,64990,Page,Maltman,11/30/1990
159,PL,53000,Forest Dale,03,Erie,Draco,11/10/1978
160,PL,97880,Melody,1390,Gertrud,Davoren,6/21/1976
161,BO,23730,Southridge,37,Chandler,Yakov,4/2/1983
162,ID,48100,Jenifer,786,Perceval,Whorf,6/11/1989
163,PL,01732,Bultman,440,Cobb,McCullum,9/30/1984
164,ID,16818,Towne,23,Alanson,Mallabar,3/27/1984
165,MR,15000,David,2,Briggs,Fabler,7/13/1974
166,SE,25890,Tennyson,10,Obadias,Debow,5/26/1974
167,MR,54670,Stephen,2,Dode,Kitcat,8/21/1976
168,BO,96650,Twin Pines,677,Shara,Pietersen,10/11/1982
169,CN,87235,Melrose,70950,Barron,Fairbanks,8/27/1986
170,ID,74600,Briar Crest,23229,Salomon,Djurisic,3/23/1990
171,BO,90000,Fuller,38673,Georgeanna,Blunsum,6/7/1979
172,CH,75600,Roxbury,822,Yul,Pressman,12/29/1988
173,MR,79000,Merry,4,Dulcine,Gallaccio,4/21/1982
174,BO,91250,Red Cloud,85,Hirsch,Conyer,12/21/1976
175,CH,80000,Oakridge,074,Amalia,Belhomme,1/3/1986
176,JO,11390,Sherman,96547,Perry,Gooding,4/17/1978
177,MR,80000,Erie,7498,Bethanne,Giovanetti,3/20/1991
178,SE,77300,Carpenter,13864,Ofella,Haylock,11/19/1982
179,ID,43000,Logan,7757,Elyse,Scoggin,2/18/1983
180,CN,71000,Waywood,67,Brenden,Casbolt,12/27/1972
181,ID,42700,1st,75,Kyle,Cornewell,11/27/1979
182,PL,24317,Esker,509,Shannon,Mepsted,9/23/1992
183,BR,36570,Fuller,63,Laverna,Luna,9/30/1980
184,MR,08150,Maple Wood,6621,Aurthur,Leate,12/9/1981
185,CH,70000,Monterey,13263,Borden,Reinbeck,5/21/1991
186,ID,08200,Valley Edge,81257,Melli,Clubb,11/26/1991
187,CH,30000,Hintze,8,Netta,Weldon,4/13/1984
188,JO,47700,Duke,82,Philippine,Scurrah,9/25/1983
189,BO,91220,Boyd,49040,Clarita,Spawton,1/29/1973
190,ID,20530,Mariners Cove,62737,Rosetta,Rickhuss,6/24/1980
191,ID,81971,Ryan,4,Cicily,Rowling,1/26/1991
192,CN,53050,Russell,6131,Ofilia,Kundert,4/17/1992
193,MR,20000,Vera,67,Kerianne,Abotson,12/26/1982
194,SE,14150,Michigan,916,Harper,Barnardo,4/3/1983
195,ID,14849,Merrick,35,Gordon,Manderson,11/5/1976
196,JO,23910,Sachtjen,824,Kit,Stienham,3/30/1980
197,CN,10000,Monica,67,Austin,Hughesdon,1/25/1973
198,BR,52000,Cambridge,775,Dudley,Murtagh,8/8/1981
199,BR,10000,Chinook,4,Sydney,Viney,7/17/1985
200,PL,58000,Golf,7,Nikolaos,Callaby,7/30/1986
201,CN,46146,Merchant,3164,Tabor,Stebbing,6/9/1980
202,BR,49140,Northport,01186,Cindi,Bridgeland,8/20/1981
203,BO,69000,Vidon,16114,Olwen,Harome,12/19/1978
204,MR,04500,Mcbride,90380,Chery,Sainsberry,6/26/1985
205,BR,09600,8th,34173,Chevy,Gland,7/23/1979
206,JO,38814,Helena,74611,Sigrid,MacCorley,5/26/1975
207,CN,14400,Sloan,07,Wilden,Gasken,3/11/1991
208,BO,08098,Maple Wood,9,Ravid,Attwoul,12/19/1973
209,PL,50000,Graceland,7318,Temple,Wagen,3/23/1982
210,CN,40000,Lakewood Gardens,7,Wallace,Aliman,6/27/1983
211,ID,53320,Ruskin,3613,Eydie,Pinchbeck,7/17/1979
212,JO,72330,Buell,0411,Johann,Drakeley,6/15/1984
213,SE,78100,Lotheville,21294,Arin,Glaze,4/20/1992
214,SE,31000,Annamark,47793,Bellanca,Labbett,5/7/1984
215,ID,86000,Union,25823,Angie,Jeens,11/19/1981
216,CN,05600,Hudson,8195,Ravid,Ruddom,11/15/1992
217,BR,35061,Mesta,1012,Caril,Arnoud,3/18/1989
218,CN,00000,Oriole,82361,Devondra,MacFadzan,4/6/1988
219,CN,58030,Barby,699,Maxwell,Fenby,6/13/1984
220,BR,83000,Judy,73,Dougie,Prinne,11/23/1989
221,CH,90000,Clove,140,Cammie,Jerome,8/29/1982
222,CN,27000,Gulseth,95,Stafani,Gurney,3/5/1987
223,JO,00800,Rieder,86726,Cathlene,Fullager,8/19/1982
224,CN,01900,Sycamore,5717,Whittaker,Courson,11/22/1985
225,MR,95100,Main,837,Amandy,Vallantine,6/13/1986
226,CH,23000,Grasskamp,27417,Farrel,Blewett,5/15/1975
227,BO,20000,Northridge,41,Mattie,Cromblehome,4/1/1974
228,JO,41700,Granby,49953,Joana,Wilding,9/6/1979
229,MR,60000,Forest,22662,Germaine,Grob,8/2/1973
230,BO,69720,Dottie,48,Emmit,Wyd,11/12/1976
231,JO,56719,Hauk,1,Everard,Fidelus,7/12/1979
232,CH,10973,Texas,43326,Ginny,Stirtle,3/22/1978
233,MR,11000,Spohn,6,Noni,Fellenor,11/22/1991
234,CN,63000,Lukken,59852,Hans,Berendsen,8/23/1987
235,CN,03738,Hermina,43,Marney,Shelsher,11/29/1980
236,BO,80000,Hoepker,062,Rafaellle,MacKnockiter,5/30/1979
237,JO,29860,Lawn,0189,Tobiah,Neeve,9/7/1985
238,JO,63000,Moland,741,Stavros,Guilliland,11/21/1982
239,JO,53000,5th,934,Kaiser,Selvey,1/9/1989
240,MR,51000,Fisk,4,Jacynth,Grevel,12/8/1984
241,CH,35810,Little Fleur,756,Claire,Tapenden,1/30/1988
242,ID,80000,Pepper Wood,9,Izzy,Brocklebank,6/20/1986
243,PL,50000,Stang,1,Rodie,Bywaters,9/25/1979
244,BR,93800,Susan,764,Hermina,Wraith,2/18/1985
245,SE,10000,Dawn,37636,Devonne,Trippack,4/25/1989
246,ID,90000,Carberry,99218,Imogen,Dimmer,9/8/1989
247,BR,55264,Fulton,29,Tomaso,Grabham,11/16/1990
248,CN,40000,Jackson,0376,Kaja,Gisbye,3/19/1980
249,SE,56290,Sundown,78,Jan,Gerriessen,5/28/1990
250,SE,15500,Crownhardt,0,Janeczka,Medgewick,7/30/1985
251,CH,70000,Almo,4,Randee,Hulstrom,5/17/1989
252,BR,10000,Wayridge,224,Debera,Greaser,2/25/1978
253,CN,57000,Dahle,293,Avis,Thamelt,6/1/1986
254,JO,95000,Vidon,88,Ray,Collerd,1/25/1983
255,MR,30000,Crownhardt,41047,Arlena,Glassman,3/14/1980
256,JO,59900,Manitowish,27253,Chariot,Reef,3/9/1979
257,JO,40000,Fair Oaks,51474,Meridith,Loynes,2/13/1973
258,CN,12000,Mesta,72713,Boigie,Fincken,5/3/1984
259,PL,53000,Johnson,872,Nick,MacFie,2/7/1991
260,PL,97880,Lotheville,84915,Trixi,Simpkiss,12/31/1972
261,BO,23730,Debs,9832,Ker,Jozwicki,10/24/1978
262,ID,48100,Glacier Hill,4,Kendra,Beggio,4/12/1990
263,PL,01732,Kinsman,2,Kendricks,Tonks,2/3/1984
264,ID,16818,Prentice,0662,Shirline,Turton,8/2/1984
265,MR,15000,Mcbride,3387,Liz,Ganning,10/17/1984
266,SE,25890,Evergreen,6503,Alexei,Fuxman,9/27/1981
267,MR,54670,Lakeland,556,Jorie,Darinton,8/26/1977
268,BO,96650,Morrow,773,Emmit,Spohrmann,9/14/1991
269,CN,87235,Meadow Vale,7547,Matthieu,Bend,1/25/1973
270,ID,74600,Warbler,6622,Bamby,Priditt,12/25/1972
271,BO,90000,Blue Bill Park,009,Aleksandr,Fobidge,9/21/1976
272,CH,75600,Rigney,529,Anthia,Easthope,3/20/1976
273,MR,79000,Stuart,017,Keenan,Top,6/6/1992
274,BO,91250,Oak,92231,Perle,Tappin,1/29/1974
275,CH,80000,Mcguire,02,Far,Deering,6/17/1992
276,JO,11390,East,2072,Elmira,Whitehead,4/30/1977
277,MR,80000,Paget,66411,Torre,Gurry,4/30/1980
278,SE,77300,Dunning,0,Wilmette,Brou,3/30/1981
279,ID,43000,Morrow,723,Lanni,Roden,7/4/1991
280,CN,71000,Trailsway,7777,Emanuel,Pasticznyk,4/21/1973
281,ID,42700,Dayton,12,Moina,Tynewell,2/21/1992
282,PL,24317,Arizona,83237,Raffaello,Malling,7/17/1986
283,BR,36570,Bonner,5,Veronike,Smithend,5/16/1974
284,MR,08150,Huxley,30980,Salmon,Molyneux,12/3/1978
285,CH,70000,Kipling,214,Audrey,Gepheart,9/10/1986
286,ID,08200,Sycamore,50,Albina,Sleep,10/16/1976
287,CH,30000,Eggendart,277,Allen,Menego,3/11/1979
288,JO,47700,Rusk,51575,Lorette,Jansik,5/18/1981
289,BO,91220,Upham,1,Marquita,Lethebridge,9/28/1978
290,ID,20530,Hayes,389,Bliss,Kenchington,2/10/1976
291,ID,81971,Morrow,879,Sig,Brouwer,8/6/1990
292,CN,53050,Linden,6859,Idaline,Parsall,9/17/1983
293,MR,20000,Scoville,29083,Lurlene,Thying,8/25/1990
294,SE,14150,Brentwood,51916,Sheffield,Coleby,8/12/1984
295,ID,14849,New Castle,8,Hurleigh,Belhomme,10/27/1977
296,JO,23910,Melody,565,Marlena,Colley,6/25/1973
297,CN,10000,Grover,8922,Lenore,Lindfors,9/26/1991
298,BR,52000,Autumn Leaf,9830,Caryn,Murison,6/4/1990
299,BR,10000,Nova,1,Mabel,Hawthorn,5/14/1987
300,PL,58000,Leroy,657,Pace,Wybron,8/4/1976
301,CN,46146,Anzinger,9357,Sybila,Tupling,7/10/1985
302,BR,49140,Farragut,50,Jena,Baroc,10/19/1991
303,BO,69000,Pankratz,1,Derk,Cremen,5/28/1984
304,MR,04500,Alpine,97,Novelia,Akam,5/28/1987
305,BR,09600,East,22309,Lock,Brasse,9/25/1979
306,JO,38814,Moulton,6211,Sascha,Prynne,11/15/1986
307,CN,14400,Weeping Birch,308,Cecelia,Dwelley,11/1/1975
308,BO,08098,Dapin,6,Heidie,Olden,5/12/1978
309,PL,50000,Tomscot,5,Isaac,Pawlik,2/19/1992
310,CN,40000,Graedel,501,Letizia,Durham,8/3/1975
311,ID,53320,International,721,Penny,Knight,3/8/1976
312,JO,72330,Packers,1,Thelma,Elcoux,3/10/1986
313,SE,78100,Shasta,20383,Hirsch,Shackelton,7/31/1975
314,SE,31000,Laurel,6268,Pearla,Eastlake,9/3/1990
315,ID,86000,Bellgrove,391,Gabriell,Lamplugh,3/12/1992
316,CN,05600,Forest,46,Carlie,Downton,6/8/1977
317,BR,35061,Miller,82260,Justis,MacSherry,1/9/1980
318,CN,00000,Lerdahl,30,Rafael,Neem,11/1/1980
319,CN,58030,Morningstar,0813,Armin,Slayford,9/16/1990
320,BR,83000,Corscot,51037,Quincy,Iddison,4/30/1974
321,CH,90000,Eliot,94767,Bernelle,Dreinan,5/22/1986
322,CN,27000,Anniversary,940,Mercy,Cherm,6/24/1974
323,JO,00800,Claremont,5148,Fernando,Dominey,12/6/1982
324,CN,01900,Knutson,03906,Kay,Rapp,10/14/1981
325,MR,95100,Di Loreto,66207,Haskel,Bend,8/1/1990
326,CH,23000,Mitchell,878,Shaun,Fellis,5/13/1977
327,BO,20000,Haas,20401,Tallie,Losemann,2/19/1987
328,JO,41700,Macpherson,47,Dorothy,Piatkow,5/19/1981
329,MR,60000,Northridge,4,Ben,Birdis,10/18/1981
330,BO,69720,Ronald Regan,94719,Debor,Roads,5/2/1991
331,JO,56719,Hallows,497,Diannne,Santora,12/29/1981
332,CH,10973,Londonderry,449,Zachery,McGrane,12/6/1977
333,MR,11000,Ilene,47137,Verney,Stringman,7/28/1973
334,CN,63000,Carioca,7866,Quintana,Hatrey,3/12/1978
335,CN,03738,Hintze,90,Oona,Keatch,4/24/1981
336,BO,80000,Dorton,1,Baryram,Pentony,11/27/1974
337,JO,29860,Mifflin,97,Kalil,Willeman,6/16/1983
338,JO,63000,Prairie Rose,02,Shoshana,St Clair,4/16/1990
339,JO,53000,Canary,5184,Haroun,Rendbaek,8/26/1974
340,MR,51000,Linden,08,Sterling,Batcheldor,1/8/1984
341,CH,35810,Del Mar,94,Linnea,Boutellier,12/29/1977
342,ID,80000,Rutledge,13234,Windy,Mauditt,7/12/1989
343,PL,50000,Hansons,915,Bill,Thowes,12/15/1990
344,BR,93800,Darwin,9,Ernesto,Hehir,4/22/1979
345,SE,10000,Havey,4,Fayette,Jakaway,8/6/1992
346,ID,90000,Miller,33,Raymund,Edmondson,10/20/1989
347,BR,55264,Sommers,37,Nicolais,Culkin,4/9/1975
348,CN,40000,Carey,3844,Roselia,Locard,10/12/1974
349,SE,56290,Derek,2122,Natty,Jakeman,9/11/1979
350,SE,15500,Lien,49380,Kiah,Silvermann,11/18/1990
351,CH,70000,Anniversary,6757,Dudley,Nodes,12/29/1987
352,BR,10000,Pine View,37,Kimberlyn,Dunster,10/15/1991
353,CN,57000,Pawling,54351,Maxy,Ollerearnshaw,1/30/1984
354,JO,95000,Reindahl,74863,Kerianne,Shalcras,4/9/1983
355,MR,30000,Kropf,0,Madelle,Pinch,10/7/1984
356,JO,59900,Pleasure,452,Melantha,Matton,2/13/1976
357,JO,40000,Lerdahl,62823,Randal,Paul,4/22/1984
358,CN,12000,Forest,43927,Roxana,Neward,12/12/1981
359,PL,53000,Coolidge,9865,Krysta,Ludlamme,3/19/1989
360,PL,97880,Village,77,Owen,Powys,6/14/1986
361,BO,23730,Sutherland,143,Alister,Marchent,8/20/1985
362,ID,48100,Utah,57367,Shea,Grindrod,3/22/1987
363,PL,01732,High Crossing,28610,Lyssa,Woolner,9/18/1986
364,ID,16818,Cardinal,30231,Zollie,Shooter,2/20/1989
365,MR,15000,Lotheville,58175,Janine,Goodfield,12/4/1988
366,SE,25890,Russell,6,Jake,Coggeshall,3/17/1974
367,MR,54670,Glacier Hill,8,Luce,Jouannot,9/26/1991
368,BO,96650,Judy,47074,Carlota,Heamus,12/26/1986
369,CN,87235,Lien,09,Pansy,Hearons,12/14/1977
370,ID,74600,Nobel,6107,Oralia,Shore,7/26/1988
371,BO,90000,Thackeray,430,Andee,Kepp,9/13/1984
372,CH,75600,Stone Corner,651,Corinne,Ambrozewicz,12/26/1986
373,MR,79000,Center,02,Egan,Picott,7/19/1983
374,BO,91250,Autumn Leaf,347,Bella,Goshawke,10/8/1979
375,CH,80000,Oxford,8,Ulysses,Sansun,8/13/1977
376,JO,11390,Waywood,862,Ive,Floris,10/22/1984
377,MR,80000,Grover,3,Carroll,Keetley,6/24/1981
378,SE,77300,Valley Edge,16,Aeriel,Gayler,4/8/1982
379,ID,43000,Oak Valley,1,Nathanael,Wherton,7/15/1979
380,CN,71000,Fair Oaks,62914,Tammie,Verrico,5/26/1984
381,ID,42700,Manley,074,Patrick,Saint,6/30/1977
382,PL,24317,Fairfield,558,Devonna,Castellanos,3/23/1983
383,BR,36570,Starling,0035,Loise,Bamford,7/24/1986
384,MR,08150,Petterle,3032,Tammie,Wainscot,9/11/1985
385,CH,70000,Russell,1,Andres,Cruft,5/26/1982
386,ID,08200,Sunbrook,298,Jaimie,Chotty,7/5/1979
387,CH,30000,Ridge Oak,90,Lamar,Bolland,2/10/1985
388,JO,47700,Eagan,7,Karlyn,Spire,2/28/1975
389,BO,91220,Vidon,511,Remy,Matessian,7/29/1988
390,ID,20530,Elmside,225,Guntar,Matussevich,4/7/1974
391,ID,81971,Milwaukee,9597,Harcourt,Wetter,6/27/1979
392,CN,53050,Dixon,9689,Ichabod,Duck,9/19/1975
393,MR,20000,Esker,30,Leanor,McGloin,11/14/1979
394,SE,14150,Reinke,123,Jarrod,Knolles-Green,7/4/1979
395,ID,14849,David,0544,Stirling,Cornwall,8/2/1983
396,JO,23910,High Crossing,185,Shaylah,Grzelczak,6/10/1976
397,CN,10000,Burning Wood,5203,Lynnet,Peskett,6/27/1977
398,BR,52000,Dovetail,03496,Raynard,Pimbley,9/15/1985
399,BR,10000,Kings,739,Johny,Facchini,4/19/1989
400,PL,58000,Vernon,765,Cyndia,Yare,3/17/1974
401,CN,46146,Swallow,0160,Austina,Whylie,4/3/1973
402,BR,49140,Northland,3,Clair,Nucator,8/13/1985
403,BO,69000,Carey,792,Giustino,Frankis,4/8/1981
404,MR,04500,Walton,95,Herrick,Insley,6/14/1987
405,BR,09600,Aberg,991,Athena,Brame,2/7/1981
406,JO,38814,Daystar,64,Diarmid,Le Pine,9/20/1983
407,CN,14400,Bonner,7449,Carolann,Whitlock,11/15/1987
408,BO,08098,Tennessee,96547,Burgess,Genge,4/19/1981
409,PL,50000,Mayer,5011,Shana,Stripp,7/4/1979
410,CN,40000,Lotheville,440,Dorothee,Tripcony,6/5/1980
411,ID,53320,Cherokee,797,Berke,Hatrey,2/8/1974
412,JO,72330,Pepper Wood,95,Maddie,Scanlan,1/31/1979
413,SE,78100,Monica,2181,Hillier,Leppington,2/18/1977
414,SE,31000,Union,59,Luis,Miroy,3/28/1977
415,ID,86000,Service,045,Neils,Benninger,3/8/1975
416,CN,05600,Dexter,802,Melonie,Dilnot,5/24/1987
417,BR,35061,Westerfield,5,Walton,Phant,10/18/1982
418,CN,00000,Lakeland,60544,Roderic,Lamyman,11/16/1991
419,CN,58030,Northfield,8316,Daryl,Kilmurry,9/7/1980
420,BR,83000,Buena Vista,94,Gunner,Ubsdall,7/29/1979
421,CH,90000,Rockefeller,54780,Lombard,Olcot,4/14/1979
422,CN,27000,Monica,8,Tommie,Demelt,1/20/1976
423,JO,00800,Marcy,055,Damien,Kinnock,11/11/1981
424,CN,01900,Algoma,1910,Vally,McMennum,9/9/1986
425,MR,95100,Towne,89826,Alex,Frapwell,1/1/1976
426,CH,23000,Kinsman,07,Suzanna,Cockling,8/31/1990
427,BO,20000,Cascade,4248,Malinde,Etheredge,5/25/1973
428,JO,41700,Memorial,93,Ricardo,Kiss,3/6/1984
429,MR,60000,Corry,03,Jacquette,Darker,10/6/1983
430,BO,69720,Melvin,90946,Thacher,Cabera,8/21/1975
431,JO,56719,Melby,92,Diego,Caudrelier,7/9/1990
432,CH,10973,Chive,4,Dicky,Foulis,3/23/1984
433,MR,11000,Hollow Ridge,431,Chick,Devonald,9/3/1984
434,CN,63000,Hovde,0302,Elroy,Martinec,5/24/1988
435,CN,03738,Farwell,08,Jdavie,Fraine,11/13/1974
436,BO,80000,Glacier Hill,78661,Viola,Golightly,1/17/1992
437,JO,29860,East,94,Erda,Meier,3/14/1991
438,JO,63000,Thompson,2095,Ag,Manon,8/17/1975
439,JO,53000,Forest Run,5,Jodie,Racine,5/7/1978
440,MR,51000,Fairfield,798,Cortie,Quye,11/22/1979
441,CH,35810,Ridgeway,9472,Latrena,Bulfoy,7/4/1975
442,ID,80000,Hallows,325,Keven,Crinkley,10/1/1975
443,PL,50000,Graceland,44,Cathrine,Norton,3/6/1980
444,BR,93800,Oriole,29,Sim,Treacy,6/11/1983
445,SE,10000,Raven,57,Emmalee,Palle,8/3/1979
446,ID,90000,Sheridan,80,Dimitri,Rochester,11/5/1984
447,BR,55264,Daystar,97016,Johnathan,Duffit,7/7/1989
448,CN,40000,Porter,3531,Edwin,Kynoch,5/5/1990
449,SE,56290,Mifflin,6,Randall,Cazalet,3/19/1982
450,SE,15500,Vahlen,8,Rawley,Norrey,2/11/1973
451,CH,70000,Veith,55239,Hallie,Matic,5/9/1983
452,BR,10000,Russell,715,Augustine,Chillcot,7/9/1991
453,CN,57000,Blue Bill Park,47,Maxim,Havill,11/24/1980
454,JO,95000,Gulseth,2539,Joey,Pengilley,9/13/1986
455,MR,30000,Fisk,17751,Petrina,Chard,4/5/1979
456,JO,59900,Aberg,6,Saul,Bowlesworth,2/25/1977
457,JO,40000,Oxford,9593,Thedric,Prettjohn,7/31/1976
458,CN,12000,Bluejay,49108,Brit,Jacobs,5/30/1975
459,PL,53000,Melrose,55,Shela,MacCoughan,11/10/1992
460,PL,97880,Farwell,3376,Gayelord,Flowerdew,6/26/1979
461,BO,23730,Transport,6111,Raff,Davidovics,4/12/1988
462,ID,48100,Barnett,6,Clarabelle,Bargh,3/2/1989
463,PL,01732,Burrows,6568,Barbabra,Haton,10/10/1977
464,ID,16818,Browning,0645,Irwinn,Creighton,1/11/1989
465,MR,15000,Vera,147,Gracie,Asel,4/26/1975
466,SE,25890,8th,9,Jeffy,Kielty,10/29/1985
467,MR,54670,Granby,4,Sarette,Berkley,7/6/1984
468,BO,96650,Ridgeview,55534,Malanie,Fandrich,5/12/1982
469,CN,87235,Scoville,0560,Blancha,Saph,8/21/1991
470,ID,74600,Division,64,Andie,Belford,3/17/1980
471,BO,90000,Mayfield,14,Karlotte,Bulbeck,11/19/1988
472,CH,75600,Gateway,748,Inglis,Manktelow,11/18/1986
473,MR,79000,Merry,984,Cece,Brownbridge,10/12/1986
474,BO,91250,Elmside,81,Petr,O'Leagham,2/11/1985
475,CH,80000,Florence,6910,Sayre,Olkowicz,3/26/1991
476,JO,11390,Pankratz,1,Carlie,Staniford,3/17/1984
477,MR,80000,Park Meadow,01141,Dacey,Bogges,7/1/1983
478,SE,77300,Summerview,06400,Giacobo,Jon,4/23/1977
479,ID,43000,Transport,8592,Ainsley,Haxell,11/4/1988
480,CN,71000,Thierer,4,Dolf,Sharples,8/13/1991
481,ID,42700,Waywood,0110,Stinky,Gumb,3/13/1976
482,PL,24317,Chive,93,Rosina,Peatheyjohns,6/6/1977
483,BR,36570,Sundown,260,Tedd,Avrahamof,3/23/1989
484,MR,08150,Hayes,962,Tedman,Twidle,2/1/1973
485,CH,70000,Hauk,1519,Wendy,Demageard,2/8/1980
486,ID,08200,Namekagon,3756,Gav,Luckey,9/26/1989
487,CH,30000,Caliangt,681,Davon,Beddin,1/31/1979
488,JO,47700,Banding,20,Teena,Doogood,3/26/1980
489,BO,91220,Banding,37304,Lynnette,Dowyer,2/6/1975
490,ID,20530,Chinook,60,Ketti,Palatino,2/26/1974
491,ID,81971,Eagle Crest,062,Gerrard,Charge,12/7/1987
492,CN,53050,5th,78644,Brion,Massot,11/19/1992
493,MR,20000,Stephen,263,Patin,Doogood,7/28/1989
494,SE,14150,Ohio,39193,Raye,Caunt,1/5/1990
495,ID,14849,Forest Run,8806,Kelley,Bagworth,6/6/1982
496,JO,23910,Park Meadow,22,Kelsy,Gelland,8/4/1979
497,CN,10000,Packers,888,Bert,Smewings,10/29/1986
498,BR,52000,Mockingbird,54845,Iolande,McGarrie,4/22/1982
499,BR,10000,Fordem,366,Joice,Willbond,5/19/1988
500,PL,58000,Walton,7,Al,Novelli,1/20/1983
501,CN,46146,Hallows,1291,Gertie,Goolding,10/3/1992
502,BR,49140,Lyons,69,Darcey,Lindbergh,3/26/1974
503,BO,69000,Sage,4309,Keary,Ferriby,12/30/1977
504,MR,04500,Gina,877,Alex,Francillo,11/28/1982
505,BR,09600,Banding,09,Binky,Pauncefoot,1/20/1974
506,JO,38814,Memorial,29139,Yancy,Schubart,4/26/1988
507,CN,14400,Lerdahl,19,Gard,McEttigen,7/1/1977
508,BO,08098,Fulton,14,Genevieve,Shalcras,5/5/1976
509,PL,50000,Atwood,1,Brandie,Pietraszek,9/15/1977
510,CN,40000,Moland,524,Bobbi,Womack,10/14/1983
511,ID,53320,Twin Pines,3,Wash,Pentelo,5/17/1989
512,JO,72330,Huxley,7703,Robinetta,Heilds,1/19/1975
513,SE,78100,Ramsey,219,Gordy,Chestnutt,4/10/1984
514,SE,31000,Thackeray,145,Brooke,Challes,12/27/1983
515,ID,86000,Longview,53800,Babbette,Freak,7/5/1980
516,CN,05600,Eggendart,217,Wyatt,Bulter,10/22/1989
517,BR,35061,Kedzie,41,Fran,Hartopp,9/24/1988
518,CN,00000,Monica,07,Wally,Horwell,11/2/1974
519,CN,58030,Golden Leaf,511,Kathryn,Navan,12/4/1977
520,BR,83000,Fremont,60,Randee,Habbergham,2/7/1982
521,CH,90000,International,5,Kaleena,Sommerlie,12/18/1983
522,CN,27000,Maple,75,Bard,Woodstock,8/17/1980
523,JO,00800,Hoard,740,Gertruda,Josephson,2/27/1987
524,CN,01900,Shasta,6384,Cyrus,Cattemull,9/23/1992
525,MR,95100,Marcy,99,Carney,Spillard,1/19/1983
526,CH,23000,Clove,3,Roman,Tupling,4/23/1977
527,BO,20000,Golden Leaf,36851,Skipper,Emmerson,11/6/1990
528,JO,41700,Kingsford,20,Avery,Nicholas,9/21/1973
529,MR,60000,Fuller,72586,Skye,Soulsby,3/6/1991
530,BO,69720,Calypso,3,Kylen,Rivers,10/7/1988
531,JO,56719,Paget,92066,Antons,Burman,6/20/1979
532,CH,10973,Melby,79741,Fionnula,Espinoy,1/8/1975
533,MR,11000,Menomonie,0764,Mose,Lennon,5/19/1987
534,CN,63000,Leroy,67,Celene,Sutlieff,8/16/1985
535,CN,03738,Sage,41,Tuckie,Sogg,9/30/1980
536,BO,80000,Pond,2829,Georgeta,Elloway,10/30/1983
537,JO,29860,Stang,79,Nata,Waterfield,7/9/1989
538,JO,63000,Sherman,55,Margit,Flori,11/8/1990
539,JO,53000,Kennedy,31807,Cleo,Noonan,10/10/1992
540,MR,51000,Mesta,271,Wildon,Redemile,11/1/1981
541,CH,35810,Center,64,Maximilian,Flucker,9/17/1990
542,ID,80000,West,55288,Bondon,Driffe,1/25/1977
543,PL,50000,Spohn,4,Maria,Puttick,1/31/1980
544,BR,93800,Shoshone,9,Lulu,Gerrill,6/15/1978
545,SE,10000,Almo,454,Vlad,Bicksteth,6/13/1982
546,ID,90000,Tennyson,9,Graham,Clacey,10/7/1981
547,BR,55264,Center,064,Friederike,Parmby,12/9/1986
548,CN,40000,Brickson Park,4480,Kelcey,Patterson,7/16/1982
549,SE,56290,Morrow,35354,Amil,Michiel,5/20/1989
550,SE,15500,Menomonie,68,Zebulon,Prowting,9/8/1983
551,CH,70000,Badeau,9,Scotty,Merrington,4/23/1982
552,BR,10000,Schiller,02,Ly,Deere,6/1/1976
553,CN,57000,Transport,215,Kynthia,Hawkswood,6/11/1989
554,JO,95000,Lien,405,Richart,Croisdall,10/29/1983
555,MR,30000,Del Sol,62,Mycah,Crumbie,5/18/1973
556,JO,59900,Hayes,02681,Ewan,Lindsley,3/25/1975
557,JO,40000,Hanover,1818,Burr,Slot,8/15/1981
558,CN,12000,Morrow,328,Artemas,Graeber,3/14/1975
559,PL,53000,Loeprich,5,Malinde,Yokel,1/27/1979
560,PL,97880,Green Ridge,84392,Kerwinn,Edington,12/22/1990
561,BO,23730,Stephen,92793,Lazaro,Dickman,2/24/1984
562,ID,48100,Haas,50978,Sergio,Tran,11/4/1976
563,PL,01732,Fordem,661,Sofia,Shepcutt,3/17/1987
564,ID,16818,Miller,50101,Gail,Wilsey,12/17/1985
565,MR,15000,Jenna,31,Danila,Spurling,4/28/1987
566,SE,25890,Transport,6731,Griffin,Rait,12/23/1985
567,MR,54670,South,6,Clarice,Merrick,11/11/1976
568,BO,96650,Sheridan,07651,Johnna,Sysland,2/4/1981
569,CN,87235,Hoard,8365,Ddene,Zannolli,8/22/1975
570,ID,74600,Moulton,12,Albina,Haps,8/20/1984
571,BO,90000,Rieder,360,Xenos,Patey,4/12/1982
572,CH,75600,Fieldstone,87,Carter,Barthrop,2/26/1980
573,MR,79000,Fairfield,8,Dagmar,Iglesia,2/21/1981
574,BO,91250,Fulton,68301,Eustacia,Grcic,12/15/1983
575,CH,80000,Anderson,09,Cyndy,Huckerby,7/30/1986
576,JO,11390,Helena,1578,Aluin,Seal,1/14/1987
577,MR,80000,Laurel,4,Shaine,Lowle,4/11/1974
578,SE,77300,Leroy,209,Edmon,Winwood,2/19/1975
579,ID,43000,Dahle,7,Hobart,Suche,2/20/1992
580,CN,71000,John Wall,1205,Thelma,McIlenna,3/17/1987
581,ID,42700,Arapahoe,38,Tobiah,Duguid,10/18/1976
582,PL,24317,Lunder,25042,Libbey,Yegorshin,5/8/1978
583,BR,36570,Gateway,26,Ermanno,Common,4/26/1989
584,MR,08150,North,7641,Dinny,Gorrissen,5/12/1988
585,CH,70000,4th,803,Izaak,Mordey,11/8/1992
586,ID,08200,Graceland,43,Lane,Feldbau,4/23/1985
587,CH,30000,Dennis,881,Duncan,Hyland,2/12/1979
588,JO,47700,Pankratz,44,Yurik,Sliney,4/16/1991
589,BO,91220,Golf Course,1,Moshe,Chipps,3/17/1974
590,ID,20530,Cascade,83634,Patrice,Cooch,9/7/1975
591,ID,81971,Golden Leaf,457,Tommie,Cloughton,10/31/1988
592,CN,53050,Dryden,32484,Nataline,Mansbridge,11/3/1987
593,MR,20000,Brown,04,Martie,Duesberry,5/18/1974
594,SE,14150,Hudson,3,Ynez,Gallimore,12/3/1991
595,ID,14849,Dovetail,1300,Avie,Onraet,9/19/1979
596,JO,23910,Mccormick,5,Rosalyn,Gianolini,2/7/1984
597,CN,10000,Northview,0926,Cointon,Durie,8/24/1974
598,BR,52000,Anzinger,7842,Lenka,Cadagan,4/2/1982
599,BR,10000,Sage,74,Jakie,Butland,2/22/1987
600,PL,58000,Oak,8083,Ashby,Crowne,10/15/1977
